{
    "mean_squared_error": 0.42982536460267207,
    "r2_score": 0.33900578807192583
}